{
	"class_name" : "PinholeCameraParameters",
	"extrinsic" : 
	[
		-0.1198139582196861,
		-0.41902125921681677,
		-0.90003655466880039,
		0.0,
		0.70757855912364054,
		0.59987594985861126,
		-0.37347212405980407,
		0.0,
		0.69640304284533694,
		-0.68159374197947431,
		0.22461694684545452,
		0.0,
		-0.3222466768039749,
		-0.17502687281392829,
		0.59358925187888145,
		1.0
	],
	"intrinsic" : 
	{
		"height" : 1080,
		"intrinsic_matrix" : 
		[
			935.30743608719376,
			0.0,
			0.0,
			0.0,
			935.30743608719376,
			0.0,
			959.5,
			539.5,
			1.0
		],
		"width" : 1920
	},
	"version_major" : 1,
	"version_minor" : 0
}