{"init_keypoint_positions": [[0.2986862361431122, -0.3030015230178833, 0.030955791473388672], [0.3263821005821228, 0.270188570022583, 0.1008983850479126]], "num_keypoints": 2, "num_stages": 2, "grasp_keypoints": [0, -1], "release_keypoints": [-1, 0]}