{
    "hand_pose": [
        0.31492242217063904,
        5.880487151443958e-06,
        0.723170816898346,
        0.9192555546760559,
        0.38072600960731506,
        0.09246854484081268,
        0.03829725831747055
    ],
    "base_footprint_pose": [
        1.1175870895385742e-08,
        4.656612873077393e-10,
        -2.60770320892334e-08,
        0.0,
        0.0,
        0.0,
        1.0000001192092896
    ]
}