{
    "hand_pose": [
        0.4502221345901489,
        -1.107226125895977e-06,
        0.8517236709594727,
        0.9202260971069336,
        0.3811647593975067,
        0.08210108429193497,
        0.034013550728559494
    ],
    "base_footprint_pose": [
        1.1175870895385742e-08,
        4.656612873077393e-10,
        -2.60770320892334e-08,
        0.0,
        0.0,
        0.0,
        1.0000001192092896
    ]
}