{"init_keypoint_positions": [[0.3137378990650177, -0.295211523771286, 0.04094505310058594], [0.26593977212905884, 0.24812361598014832, 0.06045687198638916], [0.3189992308616638, 0.24967126548290253, 0.10090041160583496], [0.348378449678421, 0.33714672923088074, 0.017322301864624023], [0.2851708233356476, 0.3330371081829071, 0.10091137886047363]], "num_keypoints": 5, "num_stages": 2, "grasp_keypoints": [0, -1], "release_keypoints": [-1, 0]}