{"init_keypoint_positions": [[0.5001493692398071, -0.4997543394565582, 0.030874133110046387], [0.4705682396888733, 0.4482235014438629, 0.015968680381774902], [0.5305367708206177, 0.46567726135253906, 0.10081744194030762]], "num_keypoints": 3, "num_stages": 2, "grasp_keypoints": [0, -1], "release_keypoints": [-1, 0]}