{"init_keypoint_positions": [[0.29592815041542053, -0.2913312613964081, 0.019961774349212646], [0.3287726044654846, 0.24933309853076935, 0.07332849502563477], [0.3263498544692993, 0.29647621512413025, 0.10006305575370789]], "num_keypoints": 3, "num_stages": 2, "grasp_keypoints": [0, -1], "release_keypoints": [-1, 0]}